{
  "project_info": {
    "project_number": "123456",
    "firebase_url": "https://messenger.firebaseio.com",
    "project_id": "messenger",
    "storage_bucket": "messenger.appspot.com"
  },
  "client": [
    {
      "client_info": {
        "mobilesdk_app_id": "1:123456:android:134824",
        "android_client_info": {
          "package_name": "org.mesibo.messenger"
        }
      },
      "oauth_client": [
        {
          "client_id": "use-your-own-google-services-file.apps.googleusercontent.com",
          "client_type": 3
        }
      ],
      "api_key": [
        {
          "current_key": "use_your_own_api_key"
        }
      ],
      "services": {
        "appinvite_service": {
          "other_platform_oauth_client": [
            {
              "client_id": "use-your-own-google-services-file.apps.googleusercontent.com",
              "client_type": 3
            }
          ]
        }
      }
    }
  ],
  "configuration_version": "1"
}
